{"sisonching": {"conv1_1": 0.005, "conv2_1": 0.005, "conv3_1": 1.0, "conv4_1": 0.005, "conv5_1": 0.005}, "joya": {"conv1_1": 0.1, "conv2_1": 0.1, "conv3_1": 5.25, "conv4_1": 0.25, "conv5_1": 0.25}, "francisco": {"conv1_1": 1.5, "conv2_1": 0.8, "conv3_1": 0.25, "conv4_1": 0.25, "conv5_1": 0.25}, "abad": {"conv1_1": 5.5, "conv2_1": 0.8, "conv3_1": 0.25, "conv4_1": 0.25, "conv5_1": 0.25}, "barrioquinto": {"conv1_1": 0.005, "conv2_1": 0.005, "conv3_1": 1.5, "conv4_1": 1.5, "conv5_1": 1.5}, "kiukok": {"conv1_1": 0.5, "conv2_1": 0.8, "conv3_1": 0.25, "conv4_1": 10.25, "conv5_1": 10.25}, "cabrera": {"conv1_1": 0.005, "conv2_1": 1.5, "conv3_1": 1.5, "conv4_1": 0.25, "conv5_1": 0.25}, "luna": {"conv1_1": 2.5, "conv2_1": 0.01, "conv3_1": 1.0, "conv4_1": 0.5, "conv5_1": 1.5}, "amorsolo": {"conv1_1": 0.75, "conv2_1": 0.55, "conv3_1": 0.25, "conv4_1": 1.5, "conv5_1": 2.5}}